<?xml version="1.0" encoding="UTF-8"?><ValueSet xmlns="http://hl7.org/fhir"><id value="arf-medication-code-vs"/><text><status value="generated"/><div xmlns="http://www.w3.org/1999/xhtml"><p class="res-header-id"><b>Generated Narrative: ValueSet arf-medication-code-vs</b></p><a name="arf-medication-code-vs"> </a><a name="hcarf-medication-code-vs"> </a><ul><li>Include these codes as defined in <a href="http://www.snomed.org/"><code>http://snomed.info/sct</code></a><table class="none"><tr><td style="white-space:nowrap"><b>Code</b></td><td><b>Display</b></td></tr><tr><td><a href="http://snomed.info/id/1276211000168102">1276211000168102</a></td><td>Bicillin L-A 1.2 million units (1016.6 mg)/2.3 mL injection, 2.3 mL syringe</td></tr><tr><td><a href="http://snomed.info/id/70271000036108">70271000036108</a></td><td>Bicillin L-A 1.2 million units (900 mg)/2 mL injection, 2 mL cartridge</td></tr><tr><td><a href="http://snomed.info/id/39212011000036104">39212011000036104</a></td><td>Bicillin L-A 1.2 million units (900 mg)/2 mL injection, 2 mL syringe</td></tr><tr><td><a href="http://snomed.info/id/1248021000168101">1248021000168101</a></td><td>Bicillin L-A 600 000 units (517 mg)/1.17 mL injection, 1.17 mL syringe</td></tr><tr><td><a href="http://snomed.info/id/4089011000036101">4089011000036101</a></td><td>Bicillin L-A</td></tr></table></li></ul></div></text><url value="http://fhir-arf-register.nardhc.org/ValueSet/arf-medication-code-vs"/><version value="0.2.0"/><name value="ARFMedicationCodeVS"/><title value="Medication Codes for Acute Rheumatic Fever"/><status value="draft"/><experimental value="true"/><date value="2025-09-24T00:26:04+00:00"/><publisher value="Northern Australian Regional Digital Health Collaborative"/><contact><name value="Northern Australian Regional Digital Health Collaborative"/><telecom><system value="url"/><value value="https://nardhc.org"/></telecom></contact><description value="Medication Codes for Acute Rheumatic Fever"/><jurisdiction><coding><system value="urn:iso:std:iso:3166"/><code value="AUS"/><display value="Australia"/></coding></jurisdiction><compose><include><system value="http://snomed.info/sct"/><concept><code value="1276211000168102"/><display value="Bicillin L-A 1.2 million units (1016.6 mg)/2.3 mL injection, 2.3 mL syringe"/></concept><concept><code value="70271000036108"/><display value="Bicillin L-A 1.2 million units (900 mg)/2 mL injection, 2 mL cartridge"/></concept><concept><code value="39212011000036104"/><display value="Bicillin L-A 1.2 million units (900 mg)/2 mL injection, 2 mL syringe"/></concept><concept><code value="1248021000168101"/><display value="Bicillin L-A 600 000 units (517 mg)/1.17 mL injection, 1.17 mL syringe"/></concept><concept><code value="4089011000036101"/><display value="Bicillin L-A"/></concept></include></compose></ValueSet>