{"resourceType":"ValueSet","id":"arf-medication-code-vs","text":{"status":"generated","div":"<div xmlns=\"http://www.w3.org/1999/xhtml\"><p class=\"res-header-id\"><b>Generated Narrative: ValueSet arf-medication-code-vs</b></p><a name=\"arf-medication-code-vs\"> </a><a name=\"hcarf-medication-code-vs\"> </a><ul><li>Include these codes as defined in <a href=\"http://www.snomed.org/\"><code>http://snomed.info/sct</code></a><table class=\"none\"><tr><td style=\"white-space:nowrap\"><b>Code</b></td><td><b>Display</b></td></tr><tr><td><a href=\"http://snomed.info/id/1276211000168102\">1276211000168102</a></td><td>Bicillin L-A 1.2 million units (1016.6 mg)/2.3 mL injection, 2.3 mL syringe</td></tr><tr><td><a href=\"http://snomed.info/id/70271000036108\">70271000036108</a></td><td>Bicillin L-A 1.2 million units (900 mg)/2 mL injection, 2 mL cartridge</td></tr><tr><td><a href=\"http://snomed.info/id/39212011000036104\">39212011000036104</a></td><td>Bicillin L-A 1.2 million units (900 mg)/2 mL injection, 2 mL syringe</td></tr><tr><td><a href=\"http://snomed.info/id/1248021000168101\">1248021000168101</a></td><td>Bicillin L-A 600 000 units (517 mg)/1.17 mL injection, 1.17 mL syringe</td></tr><tr><td><a href=\"http://snomed.info/id/4089011000036101\">4089011000036101</a></td><td>Bicillin L-A</td></tr></table></li></ul></div>"},"url":"http://fhir-arf-register.nardhc.org/ValueSet/arf-medication-code-vs","version":"0.2.0","name":"ARFMedicationCodeVS","title":"Medication Codes for Acute Rheumatic Fever","status":"draft","experimental":true,"date":"2025-09-24T00:26:04+00:00","publisher":"Northern Australian Regional Digital Health Collaborative","contact":[{"name":"Northern Australian Regional Digital Health Collaborative","telecom":[{"system":"url","value":"https://nardhc.org"}]}],"description":"Medication Codes for Acute Rheumatic Fever","jurisdiction":[{"coding":[{"system":"urn:iso:std:iso:3166","code":"AUS","display":"Australia"}]}],"compose":{"include":[{"system":"http://snomed.info/sct","concept":[{"code":"1276211000168102","display":"Bicillin L-A 1.2 million units (1016.6 mg)/2.3 mL injection, 2.3 mL syringe"},{"code":"70271000036108","display":"Bicillin L-A 1.2 million units (900 mg)/2 mL injection, 2 mL cartridge"},{"code":"39212011000036104","display":"Bicillin L-A 1.2 million units (900 mg)/2 mL injection, 2 mL syringe"},{"code":"1248021000168101","display":"Bicillin L-A 600 000 units (517 mg)/1.17 mL injection, 1.17 mL syringe"},{"code":"4089011000036101","display":"Bicillin L-A"}]}]}}